KeyValuePair`2,KeyValuePair`2.Key,KeyValuePair`2.Value
"[2, MESWebDev.Models.ProdPlan.EventsDTO]",2,MESWebDev.Models.ProdPlan.EventsDTO
"[3, MESWebDev.Models.ProdPlan.EventsDTO]",3,MESWebDev.Models.ProdPlan.EventsDTO
"[4, MESWebDev.Models.ProdPlan.EventsDTO]",4,MESWebDev.Models.ProdPlan.EventsDTO
"[5, MESWebDev.Models.ProdPlan.EventsDTO]",5,MESWebDev.Models.ProdPlan.EventsDTO
"[6, MESWebDev.Models.ProdPlan.EventsDTO]",6,MESWebDev.Models.ProdPlan.EventsDTO
"[7, MESWebDev.Models.ProdPlan.EventsDTO]",7,MESWebDev.Models.ProdPlan.EventsDTO
"[8, MESWebDev.Models.ProdPlan.EventsDTO]",8,MESWebDev.Models.ProdPlan.EventsDTO
"[9, MESWebDev.Models.ProdPlan.EventsDTO]",9,MESWebDev.Models.ProdPlan.EventsDTO
"[11, MESWebDev.Models.ProdPlan.EventsDTO]",11,MESWebDev.Models.ProdPlan.EventsDTO
"[12, MESWebDev.Models.ProdPlan.EventsDTO]",12,MESWebDev.Models.ProdPlan.EventsDTO
"[13, MESWebDev.Models.ProdPlan.EventsDTO]",13,MESWebDev.Models.ProdPlan.EventsDTO
"[14, MESWebDev.Models.ProdPlan.EventsDTO]",14,MESWebDev.Models.ProdPlan.EventsDTO
"[15, MESWebDev.Models.ProdPlan.EventsDTO]",15,MESWebDev.Models.ProdPlan.EventsDTO
"[16, MESWebDev.Models.ProdPlan.EventsDTO]",16,MESWebDev.Models.ProdPlan.EventsDTO
"[17, MESWebDev.Models.ProdPlan.EventsDTO]",17,MESWebDev.Models.ProdPlan.EventsDTO
"[18, MESWebDev.Models.ProdPlan.EventsDTO]",18,MESWebDev.Models.ProdPlan.EventsDTO
"[19, MESWebDev.Models.ProdPlan.EventsDTO]",19,MESWebDev.Models.ProdPlan.EventsDTO
"[20, MESWebDev.Models.ProdPlan.EventsDTO]",20,MESWebDev.Models.ProdPlan.EventsDTO
"[21, MESWebDev.Models.ProdPlan.EventsDTO]",21,MESWebDev.Models.ProdPlan.EventsDTO
"[22, MESWebDev.Models.ProdPlan.EventsDTO]",22,MESWebDev.Models.ProdPlan.EventsDTO
"[24, MESWebDev.Models.ProdPlan.EventsDTO]",24,MESWebDev.Models.ProdPlan.EventsDTO
"[25, MESWebDev.Models.ProdPlan.EventsDTO]",25,MESWebDev.Models.ProdPlan.EventsDTO
"[26, MESWebDev.Models.ProdPlan.EventsDTO]",26,MESWebDev.Models.ProdPlan.EventsDTO
"[28, MESWebDev.Models.ProdPlan.EventsDTO]",28,MESWebDev.Models.ProdPlan.EventsDTO
"[29, MESWebDev.Models.ProdPlan.EventsDTO]",29,MESWebDev.Models.ProdPlan.EventsDTO
"[30, MESWebDev.Models.ProdPlan.EventsDTO]",30,MESWebDev.Models.ProdPlan.EventsDTO
"[31, MESWebDev.Models.ProdPlan.EventsDTO]",31,MESWebDev.Models.ProdPlan.EventsDTO
"[32, MESWebDev.Models.ProdPlan.EventsDTO]",32,MESWebDev.Models.ProdPlan.EventsDTO
"[33, MESWebDev.Models.ProdPlan.EventsDTO]",33,MESWebDev.Models.ProdPlan.EventsDTO
"[34, MESWebDev.Models.ProdPlan.EventsDTO]",34,MESWebDev.Models.ProdPlan.EventsDTO
"[36, MESWebDev.Models.ProdPlan.EventsDTO]",36,MESWebDev.Models.ProdPlan.EventsDTO
"[37, MESWebDev.Models.ProdPlan.EventsDTO]",37,MESWebDev.Models.ProdPlan.EventsDTO
"[38, MESWebDev.Models.ProdPlan.EventsDTO]",38,MESWebDev.Models.ProdPlan.EventsDTO
"[42, MESWebDev.Models.ProdPlan.EventsDTO]",42,MESWebDev.Models.ProdPlan.EventsDTO
"[43, MESWebDev.Models.ProdPlan.EventsDTO]",43,MESWebDev.Models.ProdPlan.EventsDTO
"[44, MESWebDev.Models.ProdPlan.EventsDTO]",44,MESWebDev.Models.ProdPlan.EventsDTO
"[45, MESWebDev.Models.ProdPlan.EventsDTO]",45,MESWebDev.Models.ProdPlan.EventsDTO
"[46, MESWebDev.Models.ProdPlan.EventsDTO]",46,MESWebDev.Models.ProdPlan.EventsDTO
"[47, MESWebDev.Models.ProdPlan.EventsDTO]",47,MESWebDev.Models.ProdPlan.EventsDTO
"[48, MESWebDev.Models.ProdPlan.EventsDTO]",48,MESWebDev.Models.ProdPlan.EventsDTO
"[49, MESWebDev.Models.ProdPlan.EventsDTO]",49,MESWebDev.Models.ProdPlan.EventsDTO
"[50, MESWebDev.Models.ProdPlan.EventsDTO]",50,MESWebDev.Models.ProdPlan.EventsDTO
"[51, MESWebDev.Models.ProdPlan.EventsDTO]",51,MESWebDev.Models.ProdPlan.EventsDTO
"[53, MESWebDev.Models.ProdPlan.EventsDTO]",53,MESWebDev.Models.ProdPlan.EventsDTO
"[54, MESWebDev.Models.ProdPlan.EventsDTO]",54,MESWebDev.Models.ProdPlan.EventsDTO
"[55, MESWebDev.Models.ProdPlan.EventsDTO]",55,MESWebDev.Models.ProdPlan.EventsDTO
"[56, MESWebDev.Models.ProdPlan.EventsDTO]",56,MESWebDev.Models.ProdPlan.EventsDTO
"[57, MESWebDev.Models.ProdPlan.EventsDTO]",57,MESWebDev.Models.ProdPlan.EventsDTO
"[58, MESWebDev.Models.ProdPlan.EventsDTO]",58,MESWebDev.Models.ProdPlan.EventsDTO
"[59, MESWebDev.Models.ProdPlan.EventsDTO]",59,MESWebDev.Models.ProdPlan.EventsDTO
"[60, MESWebDev.Models.ProdPlan.EventsDTO]",60,MESWebDev.Models.ProdPlan.EventsDTO
"[61, MESWebDev.Models.ProdPlan.EventsDTO]",61,MESWebDev.Models.ProdPlan.EventsDTO
"[62, MESWebDev.Models.ProdPlan.EventsDTO]",62,MESWebDev.Models.ProdPlan.EventsDTO
"[63, MESWebDev.Models.ProdPlan.EventsDTO]",63,MESWebDev.Models.ProdPlan.EventsDTO
"[64, MESWebDev.Models.ProdPlan.EventsDTO]",64,MESWebDev.Models.ProdPlan.EventsDTO
"[65, MESWebDev.Models.ProdPlan.EventsDTO]",65,MESWebDev.Models.ProdPlan.EventsDTO
"[66, MESWebDev.Models.ProdPlan.EventsDTO]",66,MESWebDev.Models.ProdPlan.EventsDTO
"[67, MESWebDev.Models.ProdPlan.EventsDTO]",67,MESWebDev.Models.ProdPlan.EventsDTO
"[68, MESWebDev.Models.ProdPlan.EventsDTO]",68,MESWebDev.Models.ProdPlan.EventsDTO
"[69, MESWebDev.Models.ProdPlan.EventsDTO]",69,MESWebDev.Models.ProdPlan.EventsDTO
"[70, MESWebDev.Models.ProdPlan.EventsDTO]",70,MESWebDev.Models.ProdPlan.EventsDTO
"[71, MESWebDev.Models.ProdPlan.EventsDTO]",71,MESWebDev.Models.ProdPlan.EventsDTO
"[72, MESWebDev.Models.ProdPlan.EventsDTO]",72,MESWebDev.Models.ProdPlan.EventsDTO
"[73, MESWebDev.Models.ProdPlan.EventsDTO]",73,MESWebDev.Models.ProdPlan.EventsDTO
"[74, MESWebDev.Models.ProdPlan.EventsDTO]",74,MESWebDev.Models.ProdPlan.EventsDTO
"[75, MESWebDev.Models.ProdPlan.EventsDTO]",75,MESWebDev.Models.ProdPlan.EventsDTO
"[76, MESWebDev.Models.ProdPlan.EventsDTO]",76,MESWebDev.Models.ProdPlan.EventsDTO
"[77, MESWebDev.Models.ProdPlan.EventsDTO]",77,MESWebDev.Models.ProdPlan.EventsDTO
"[78, MESWebDev.Models.ProdPlan.EventsDTO]",78,MESWebDev.Models.ProdPlan.EventsDTO
"[79, MESWebDev.Models.ProdPlan.EventsDTO]",79,MESWebDev.Models.ProdPlan.EventsDTO
"[80, MESWebDev.Models.ProdPlan.EventsDTO]",80,MESWebDev.Models.ProdPlan.EventsDTO
"[81, MESWebDev.Models.ProdPlan.EventsDTO]",81,MESWebDev.Models.ProdPlan.EventsDTO
"[82, MESWebDev.Models.ProdPlan.EventsDTO]",82,MESWebDev.Models.ProdPlan.EventsDTO
"[83, MESWebDev.Models.ProdPlan.EventsDTO]",83,MESWebDev.Models.ProdPlan.EventsDTO
"[84, MESWebDev.Models.ProdPlan.EventsDTO]",84,MESWebDev.Models.ProdPlan.EventsDTO
"[86, MESWebDev.Models.ProdPlan.EventsDTO]",86,MESWebDev.Models.ProdPlan.EventsDTO
"[87, MESWebDev.Models.ProdPlan.EventsDTO]",87,MESWebDev.Models.ProdPlan.EventsDTO
"[88, MESWebDev.Models.ProdPlan.EventsDTO]",88,MESWebDev.Models.ProdPlan.EventsDTO
"[89, MESWebDev.Models.ProdPlan.EventsDTO]",89,MESWebDev.Models.ProdPlan.EventsDTO
"[90, MESWebDev.Models.ProdPlan.EventsDTO]",90,MESWebDev.Models.ProdPlan.EventsDTO
"[91, MESWebDev.Models.ProdPlan.EventsDTO]",91,MESWebDev.Models.ProdPlan.EventsDTO
"[92, MESWebDev.Models.ProdPlan.EventsDTO]",92,MESWebDev.Models.ProdPlan.EventsDTO
"[93, MESWebDev.Models.ProdPlan.EventsDTO]",93,MESWebDev.Models.ProdPlan.EventsDTO
"[94, MESWebDev.Models.ProdPlan.EventsDTO]",94,MESWebDev.Models.ProdPlan.EventsDTO
"[95, MESWebDev.Models.ProdPlan.EventsDTO]",95,MESWebDev.Models.ProdPlan.EventsDTO
"[96, MESWebDev.Models.ProdPlan.EventsDTO]",96,MESWebDev.Models.ProdPlan.EventsDTO
"[97, MESWebDev.Models.ProdPlan.EventsDTO]",97,MESWebDev.Models.ProdPlan.EventsDTO
"[98, MESWebDev.Models.ProdPlan.EventsDTO]",98,MESWebDev.Models.ProdPlan.EventsDTO
"[99, MESWebDev.Models.ProdPlan.EventsDTO]",99,MESWebDev.Models.ProdPlan.EventsDTO
"[100, MESWebDev.Models.ProdPlan.EventsDTO]",100,MESWebDev.Models.ProdPlan.EventsDTO
"[101, MESWebDev.Models.ProdPlan.EventsDTO]",101,MESWebDev.Models.ProdPlan.EventsDTO
"[102, MESWebDev.Models.ProdPlan.EventsDTO]",102,MESWebDev.Models.ProdPlan.EventsDTO
"[103, MESWebDev.Models.ProdPlan.EventsDTO]",103,MESWebDev.Models.ProdPlan.EventsDTO
"[104, MESWebDev.Models.ProdPlan.EventsDTO]",104,MESWebDev.Models.ProdPlan.EventsDTO
"[105, MESWebDev.Models.ProdPlan.EventsDTO]",105,MESWebDev.Models.ProdPlan.EventsDTO
"[106, MESWebDev.Models.ProdPlan.EventsDTO]",106,MESWebDev.Models.ProdPlan.EventsDTO
"[107, MESWebDev.Models.ProdPlan.EventsDTO]",107,MESWebDev.Models.ProdPlan.EventsDTO
"[108, MESWebDev.Models.ProdPlan.EventsDTO]",108,MESWebDev.Models.ProdPlan.EventsDTO
"[109, MESWebDev.Models.ProdPlan.EventsDTO]",109,MESWebDev.Models.ProdPlan.EventsDTO
"[112, MESWebDev.Models.ProdPlan.EventsDTO]",112,MESWebDev.Models.ProdPlan.EventsDTO
"[113, MESWebDev.Models.ProdPlan.EventsDTO]",113,MESWebDev.Models.ProdPlan.EventsDTO
"[114, MESWebDev.Models.ProdPlan.EventsDTO]",114,MESWebDev.Models.ProdPlan.EventsDTO
"[115, MESWebDev.Models.ProdPlan.EventsDTO]",115,MESWebDev.Models.ProdPlan.EventsDTO
"[116, MESWebDev.Models.ProdPlan.EventsDTO]",116,MESWebDev.Models.ProdPlan.EventsDTO
"[117, MESWebDev.Models.ProdPlan.EventsDTO]",117,MESWebDev.Models.ProdPlan.EventsDTO
"[118, MESWebDev.Models.ProdPlan.EventsDTO]",118,MESWebDev.Models.ProdPlan.EventsDTO
"[119, MESWebDev.Models.ProdPlan.EventsDTO]",119,MESWebDev.Models.ProdPlan.EventsDTO
"[120, MESWebDev.Models.ProdPlan.EventsDTO]",120,MESWebDev.Models.ProdPlan.EventsDTO
"[121, MESWebDev.Models.ProdPlan.EventsDTO]",121,MESWebDev.Models.ProdPlan.EventsDTO
"[122, MESWebDev.Models.ProdPlan.EventsDTO]",122,MESWebDev.Models.ProdPlan.EventsDTO
"[123, MESWebDev.Models.ProdPlan.EventsDTO]",123,MESWebDev.Models.ProdPlan.EventsDTO
"[124, MESWebDev.Models.ProdPlan.EventsDTO]",124,MESWebDev.Models.ProdPlan.EventsDTO
"[125, MESWebDev.Models.ProdPlan.EventsDTO]",125,MESWebDev.Models.ProdPlan.EventsDTO
"[126, MESWebDev.Models.ProdPlan.EventsDTO]",126,MESWebDev.Models.ProdPlan.EventsDTO
"[127, MESWebDev.Models.ProdPlan.EventsDTO]",127,MESWebDev.Models.ProdPlan.EventsDTO
"[128, MESWebDev.Models.ProdPlan.EventsDTO]",128,MESWebDev.Models.ProdPlan.EventsDTO
"[130, MESWebDev.Models.ProdPlan.EventsDTO]",130,MESWebDev.Models.ProdPlan.EventsDTO
"[131, MESWebDev.Models.ProdPlan.EventsDTO]",131,MESWebDev.Models.ProdPlan.EventsDTO
"[132, MESWebDev.Models.ProdPlan.EventsDTO]",132,MESWebDev.Models.ProdPlan.EventsDTO
"[133, MESWebDev.Models.ProdPlan.EventsDTO]",133,MESWebDev.Models.ProdPlan.EventsDTO
"[134, MESWebDev.Models.ProdPlan.EventsDTO]",134,MESWebDev.Models.ProdPlan.EventsDTO
"[135, MESWebDev.Models.ProdPlan.EventsDTO]",135,MESWebDev.Models.ProdPlan.EventsDTO
"[136, MESWebDev.Models.ProdPlan.EventsDTO]",136,MESWebDev.Models.ProdPlan.EventsDTO
"[137, MESWebDev.Models.ProdPlan.EventsDTO]",137,MESWebDev.Models.ProdPlan.EventsDTO
"[138, MESWebDev.Models.ProdPlan.EventsDTO]",138,MESWebDev.Models.ProdPlan.EventsDTO
"[139, MESWebDev.Models.ProdPlan.EventsDTO]",139,MESWebDev.Models.ProdPlan.EventsDTO
"[140, MESWebDev.Models.ProdPlan.EventsDTO]",140,MESWebDev.Models.ProdPlan.EventsDTO
"[141, MESWebDev.Models.ProdPlan.EventsDTO]",141,MESWebDev.Models.ProdPlan.EventsDTO
"[142, MESWebDev.Models.ProdPlan.EventsDTO]",142,MESWebDev.Models.ProdPlan.EventsDTO
"[143, MESWebDev.Models.ProdPlan.EventsDTO]",143,MESWebDev.Models.ProdPlan.EventsDTO
"[144, MESWebDev.Models.ProdPlan.EventsDTO]",144,MESWebDev.Models.ProdPlan.EventsDTO
"[145, MESWebDev.Models.ProdPlan.EventsDTO]",145,MESWebDev.Models.ProdPlan.EventsDTO
"[146, MESWebDev.Models.ProdPlan.EventsDTO]",146,MESWebDev.Models.ProdPlan.EventsDTO
"[147, MESWebDev.Models.ProdPlan.EventsDTO]",147,MESWebDev.Models.ProdPlan.EventsDTO
"[148, MESWebDev.Models.ProdPlan.EventsDTO]",148,MESWebDev.Models.ProdPlan.EventsDTO
"[149, MESWebDev.Models.ProdPlan.EventsDTO]",149,MESWebDev.Models.ProdPlan.EventsDTO
"[150, MESWebDev.Models.ProdPlan.EventsDTO]",150,MESWebDev.Models.ProdPlan.EventsDTO
"[151, MESWebDev.Models.ProdPlan.EventsDTO]",151,MESWebDev.Models.ProdPlan.EventsDTO
"[152, MESWebDev.Models.ProdPlan.EventsDTO]",152,MESWebDev.Models.ProdPlan.EventsDTO
"[153, MESWebDev.Models.ProdPlan.EventsDTO]",153,MESWebDev.Models.ProdPlan.EventsDTO
"[154, MESWebDev.Models.ProdPlan.EventsDTO]",154,MESWebDev.Models.ProdPlan.EventsDTO
"[155, MESWebDev.Models.ProdPlan.EventsDTO]",155,MESWebDev.Models.ProdPlan.EventsDTO
"[156, MESWebDev.Models.ProdPlan.EventsDTO]",156,MESWebDev.Models.ProdPlan.EventsDTO
"[157, MESWebDev.Models.ProdPlan.EventsDTO]",157,MESWebDev.Models.ProdPlan.EventsDTO
"[158, MESWebDev.Models.ProdPlan.EventsDTO]",158,MESWebDev.Models.ProdPlan.EventsDTO
"[159, MESWebDev.Models.ProdPlan.EventsDTO]",159,MESWebDev.Models.ProdPlan.EventsDTO
"[160, MESWebDev.Models.ProdPlan.EventsDTO]",160,MESWebDev.Models.ProdPlan.EventsDTO
"[161, MESWebDev.Models.ProdPlan.EventsDTO]",161,MESWebDev.Models.ProdPlan.EventsDTO
"[162, MESWebDev.Models.ProdPlan.EventsDTO]",162,MESWebDev.Models.ProdPlan.EventsDTO
"[163, MESWebDev.Models.ProdPlan.EventsDTO]",163,MESWebDev.Models.ProdPlan.EventsDTO
"[164, MESWebDev.Models.ProdPlan.EventsDTO]",164,MESWebDev.Models.ProdPlan.EventsDTO
"[165, MESWebDev.Models.ProdPlan.EventsDTO]",165,MESWebDev.Models.ProdPlan.EventsDTO
"[166, MESWebDev.Models.ProdPlan.EventsDTO]",166,MESWebDev.Models.ProdPlan.EventsDTO
"[167, MESWebDev.Models.ProdPlan.EventsDTO]",167,MESWebDev.Models.ProdPlan.EventsDTO
"[168, MESWebDev.Models.ProdPlan.EventsDTO]",168,MESWebDev.Models.ProdPlan.EventsDTO
"[169, MESWebDev.Models.ProdPlan.EventsDTO]",169,MESWebDev.Models.ProdPlan.EventsDTO
"[170, MESWebDev.Models.ProdPlan.EventsDTO]",170,MESWebDev.Models.ProdPlan.EventsDTO
"[172, MESWebDev.Models.ProdPlan.EventsDTO]",172,MESWebDev.Models.ProdPlan.EventsDTO
"[173, MESWebDev.Models.ProdPlan.EventsDTO]",173,MESWebDev.Models.ProdPlan.EventsDTO
"[174, MESWebDev.Models.ProdPlan.EventsDTO]",174,MESWebDev.Models.ProdPlan.EventsDTO
"[175, MESWebDev.Models.ProdPlan.EventsDTO]",175,MESWebDev.Models.ProdPlan.EventsDTO
"[176, MESWebDev.Models.ProdPlan.EventsDTO]",176,MESWebDev.Models.ProdPlan.EventsDTO
"[177, MESWebDev.Models.ProdPlan.EventsDTO]",177,MESWebDev.Models.ProdPlan.EventsDTO
"[178, MESWebDev.Models.ProdPlan.EventsDTO]",178,MESWebDev.Models.ProdPlan.EventsDTO
"[179, MESWebDev.Models.ProdPlan.EventsDTO]",179,MESWebDev.Models.ProdPlan.EventsDTO
"[180, MESWebDev.Models.ProdPlan.EventsDTO]",180,MESWebDev.Models.ProdPlan.EventsDTO
"[181, MESWebDev.Models.ProdPlan.EventsDTO]",181,MESWebDev.Models.ProdPlan.EventsDTO
"[182, MESWebDev.Models.ProdPlan.EventsDTO]",182,MESWebDev.Models.ProdPlan.EventsDTO
"[183, MESWebDev.Models.ProdPlan.EventsDTO]",183,MESWebDev.Models.ProdPlan.EventsDTO
"[184, MESWebDev.Models.ProdPlan.EventsDTO]",184,MESWebDev.Models.ProdPlan.EventsDTO
"[185, MESWebDev.Models.ProdPlan.EventsDTO]",185,MESWebDev.Models.ProdPlan.EventsDTO
"[186, MESWebDev.Models.ProdPlan.EventsDTO]",186,MESWebDev.Models.ProdPlan.EventsDTO
"[187, MESWebDev.Models.ProdPlan.EventsDTO]",187,MESWebDev.Models.ProdPlan.EventsDTO
"[188, MESWebDev.Models.ProdPlan.EventsDTO]",188,MESWebDev.Models.ProdPlan.EventsDTO
"[189, MESWebDev.Models.ProdPlan.EventsDTO]",189,MESWebDev.Models.ProdPlan.EventsDTO
"[190, MESWebDev.Models.ProdPlan.EventsDTO]",190,MESWebDev.Models.ProdPlan.EventsDTO
"[191, MESWebDev.Models.ProdPlan.EventsDTO]",191,MESWebDev.Models.ProdPlan.EventsDTO
"[192, MESWebDev.Models.ProdPlan.EventsDTO]",192,MESWebDev.Models.ProdPlan.EventsDTO
"[193, MESWebDev.Models.ProdPlan.EventsDTO]",193,MESWebDev.Models.ProdPlan.EventsDTO
"[194, MESWebDev.Models.ProdPlan.EventsDTO]",194,MESWebDev.Models.ProdPlan.EventsDTO
"[195, MESWebDev.Models.ProdPlan.EventsDTO]",195,MESWebDev.Models.ProdPlan.EventsDTO
"[196, MESWebDev.Models.ProdPlan.EventsDTO]",196,MESWebDev.Models.ProdPlan.EventsDTO
"[197, MESWebDev.Models.ProdPlan.EventsDTO]",197,MESWebDev.Models.ProdPlan.EventsDTO
"[198, MESWebDev.Models.ProdPlan.EventsDTO]",198,MESWebDev.Models.ProdPlan.EventsDTO
"[199, MESWebDev.Models.ProdPlan.EventsDTO]",199,MESWebDev.Models.ProdPlan.EventsDTO
"[200, MESWebDev.Models.ProdPlan.EventsDTO]",200,MESWebDev.Models.ProdPlan.EventsDTO
"[201, MESWebDev.Models.ProdPlan.EventsDTO]",201,MESWebDev.Models.ProdPlan.EventsDTO
"[202, MESWebDev.Models.ProdPlan.EventsDTO]",202,MESWebDev.Models.ProdPlan.EventsDTO
"[203, MESWebDev.Models.ProdPlan.EventsDTO]",203,MESWebDev.Models.ProdPlan.EventsDTO
"[204, MESWebDev.Models.ProdPlan.EventsDTO]",204,MESWebDev.Models.ProdPlan.EventsDTO
"[205, MESWebDev.Models.ProdPlan.EventsDTO]",205,MESWebDev.Models.ProdPlan.EventsDTO
"[206, MESWebDev.Models.ProdPlan.EventsDTO]",206,MESWebDev.Models.ProdPlan.EventsDTO
"[207, MESWebDev.Models.ProdPlan.EventsDTO]",207,MESWebDev.Models.ProdPlan.EventsDTO
"[208, MESWebDev.Models.ProdPlan.EventsDTO]",208,MESWebDev.Models.ProdPlan.EventsDTO
"[209, MESWebDev.Models.ProdPlan.EventsDTO]",209,MESWebDev.Models.ProdPlan.EventsDTO
"[210, MESWebDev.Models.ProdPlan.EventsDTO]",210,MESWebDev.Models.ProdPlan.EventsDTO
"[211, MESWebDev.Models.ProdPlan.EventsDTO]",211,MESWebDev.Models.ProdPlan.EventsDTO
"[212, MESWebDev.Models.ProdPlan.EventsDTO]",212,MESWebDev.Models.ProdPlan.EventsDTO
"[213, MESWebDev.Models.ProdPlan.EventsDTO]",213,MESWebDev.Models.ProdPlan.EventsDTO
"[214, MESWebDev.Models.ProdPlan.EventsDTO]",214,MESWebDev.Models.ProdPlan.EventsDTO
"[215, MESWebDev.Models.ProdPlan.EventsDTO]",215,MESWebDev.Models.ProdPlan.EventsDTO
"[216, MESWebDev.Models.ProdPlan.EventsDTO]",216,MESWebDev.Models.ProdPlan.EventsDTO
"[217, MESWebDev.Models.ProdPlan.EventsDTO]",217,MESWebDev.Models.ProdPlan.EventsDTO
"[218, MESWebDev.Models.ProdPlan.EventsDTO]",218,MESWebDev.Models.ProdPlan.EventsDTO
"[219, MESWebDev.Models.ProdPlan.EventsDTO]",219,MESWebDev.Models.ProdPlan.EventsDTO
"[220, MESWebDev.Models.ProdPlan.EventsDTO]",220,MESWebDev.Models.ProdPlan.EventsDTO
"[221, MESWebDev.Models.ProdPlan.EventsDTO]",221,MESWebDev.Models.ProdPlan.EventsDTO
"[222, MESWebDev.Models.ProdPlan.EventsDTO]",222,MESWebDev.Models.ProdPlan.EventsDTO
"[223, MESWebDev.Models.ProdPlan.EventsDTO]",223,MESWebDev.Models.ProdPlan.EventsDTO
"[224, MESWebDev.Models.ProdPlan.EventsDTO]",224,MESWebDev.Models.ProdPlan.EventsDTO
"[225, MESWebDev.Models.ProdPlan.EventsDTO]",225,MESWebDev.Models.ProdPlan.EventsDTO
"[226, MESWebDev.Models.ProdPlan.EventsDTO]",226,MESWebDev.Models.ProdPlan.EventsDTO
"[227, MESWebDev.Models.ProdPlan.EventsDTO]",227,MESWebDev.Models.ProdPlan.EventsDTO
"[228, MESWebDev.Models.ProdPlan.EventsDTO]",228,MESWebDev.Models.ProdPlan.EventsDTO
"[229, MESWebDev.Models.ProdPlan.EventsDTO]",229,MESWebDev.Models.ProdPlan.EventsDTO
"[230, MESWebDev.Models.ProdPlan.EventsDTO]",230,MESWebDev.Models.ProdPlan.EventsDTO
"[231, MESWebDev.Models.ProdPlan.EventsDTO]",231,MESWebDev.Models.ProdPlan.EventsDTO
"[232, MESWebDev.Models.ProdPlan.EventsDTO]",232,MESWebDev.Models.ProdPlan.EventsDTO
"[233, MESWebDev.Models.ProdPlan.EventsDTO]",233,MESWebDev.Models.ProdPlan.EventsDTO
"[234, MESWebDev.Models.ProdPlan.EventsDTO]",234,MESWebDev.Models.ProdPlan.EventsDTO
"[235, MESWebDev.Models.ProdPlan.EventsDTO]",235,MESWebDev.Models.ProdPlan.EventsDTO
"[236, MESWebDev.Models.ProdPlan.EventsDTO]",236,MESWebDev.Models.ProdPlan.EventsDTO
"[237, MESWebDev.Models.ProdPlan.EventsDTO]",237,MESWebDev.Models.ProdPlan.EventsDTO
"[238, MESWebDev.Models.ProdPlan.EventsDTO]",238,MESWebDev.Models.ProdPlan.EventsDTO
"[239, MESWebDev.Models.ProdPlan.EventsDTO]",239,MESWebDev.Models.ProdPlan.EventsDTO
"[240, MESWebDev.Models.ProdPlan.EventsDTO]",240,MESWebDev.Models.ProdPlan.EventsDTO
"[241, MESWebDev.Models.ProdPlan.EventsDTO]",241,MESWebDev.Models.ProdPlan.EventsDTO
"[242, MESWebDev.Models.ProdPlan.EventsDTO]",242,MESWebDev.Models.ProdPlan.EventsDTO
"[243, MESWebDev.Models.ProdPlan.EventsDTO]",243,MESWebDev.Models.ProdPlan.EventsDTO
"[244, MESWebDev.Models.ProdPlan.EventsDTO]",244,MESWebDev.Models.ProdPlan.EventsDTO
"[245, MESWebDev.Models.ProdPlan.EventsDTO]",245,MESWebDev.Models.ProdPlan.EventsDTO
"[246, MESWebDev.Models.ProdPlan.EventsDTO]",246,MESWebDev.Models.ProdPlan.EventsDTO
"[247, MESWebDev.Models.ProdPlan.EventsDTO]",247,MESWebDev.Models.ProdPlan.EventsDTO
"[248, MESWebDev.Models.ProdPlan.EventsDTO]",248,MESWebDev.Models.ProdPlan.EventsDTO
"[249, MESWebDev.Models.ProdPlan.EventsDTO]",249,MESWebDev.Models.ProdPlan.EventsDTO
"[250, MESWebDev.Models.ProdPlan.EventsDTO]",250,MESWebDev.Models.ProdPlan.EventsDTO
"[251, MESWebDev.Models.ProdPlan.EventsDTO]",251,MESWebDev.Models.ProdPlan.EventsDTO
"[253, MESWebDev.Models.ProdPlan.EventsDTO]",253,MESWebDev.Models.ProdPlan.EventsDTO
"[254, MESWebDev.Models.ProdPlan.EventsDTO]",254,MESWebDev.Models.ProdPlan.EventsDTO
"[255, MESWebDev.Models.ProdPlan.EventsDTO]",255,MESWebDev.Models.ProdPlan.EventsDTO
"[256, MESWebDev.Models.ProdPlan.EventsDTO]",256,MESWebDev.Models.ProdPlan.EventsDTO
"[257, MESWebDev.Models.ProdPlan.EventsDTO]",257,MESWebDev.Models.ProdPlan.EventsDTO
"[258, MESWebDev.Models.ProdPlan.EventsDTO]",258,MESWebDev.Models.ProdPlan.EventsDTO
"[259, MESWebDev.Models.ProdPlan.EventsDTO]",259,MESWebDev.Models.ProdPlan.EventsDTO
"[260, MESWebDev.Models.ProdPlan.EventsDTO]",260,MESWebDev.Models.ProdPlan.EventsDTO
"[261, MESWebDev.Models.ProdPlan.EventsDTO]",261,MESWebDev.Models.ProdPlan.EventsDTO
"[262, MESWebDev.Models.ProdPlan.EventsDTO]",262,MESWebDev.Models.ProdPlan.EventsDTO
"[263, MESWebDev.Models.ProdPlan.EventsDTO]",263,MESWebDev.Models.ProdPlan.EventsDTO
"[264, MESWebDev.Models.ProdPlan.EventsDTO]",264,MESWebDev.Models.ProdPlan.EventsDTO
"[265, MESWebDev.Models.ProdPlan.EventsDTO]",265,MESWebDev.Models.ProdPlan.EventsDTO
"[266, MESWebDev.Models.ProdPlan.EventsDTO]",266,MESWebDev.Models.ProdPlan.EventsDTO
"[267, MESWebDev.Models.ProdPlan.EventsDTO]",267,MESWebDev.Models.ProdPlan.EventsDTO
"[268, MESWebDev.Models.ProdPlan.EventsDTO]",268,MESWebDev.Models.ProdPlan.EventsDTO
"[269, MESWebDev.Models.ProdPlan.EventsDTO]",269,MESWebDev.Models.ProdPlan.EventsDTO
"[270, MESWebDev.Models.ProdPlan.EventsDTO]",270,MESWebDev.Models.ProdPlan.EventsDTO
"[271, MESWebDev.Models.ProdPlan.EventsDTO]",271,MESWebDev.Models.ProdPlan.EventsDTO
"[272, MESWebDev.Models.ProdPlan.EventsDTO]",272,MESWebDev.Models.ProdPlan.EventsDTO
"[273, MESWebDev.Models.ProdPlan.EventsDTO]",273,MESWebDev.Models.ProdPlan.EventsDTO
"[274, MESWebDev.Models.ProdPlan.EventsDTO]",274,MESWebDev.Models.ProdPlan.EventsDTO
"[275, MESWebDev.Models.ProdPlan.EventsDTO]",275,MESWebDev.Models.ProdPlan.EventsDTO
"[276, MESWebDev.Models.ProdPlan.EventsDTO]",276,MESWebDev.Models.ProdPlan.EventsDTO
"[277, MESWebDev.Models.ProdPlan.EventsDTO]",277,MESWebDev.Models.ProdPlan.EventsDTO
"[278, MESWebDev.Models.ProdPlan.EventsDTO]",278,MESWebDev.Models.ProdPlan.EventsDTO
"[279, MESWebDev.Models.ProdPlan.EventsDTO]",279,MESWebDev.Models.ProdPlan.EventsDTO
"[280, MESWebDev.Models.ProdPlan.EventsDTO]",280,MESWebDev.Models.ProdPlan.EventsDTO
"[281, MESWebDev.Models.ProdPlan.EventsDTO]",281,MESWebDev.Models.ProdPlan.EventsDTO
"[282, MESWebDev.Models.ProdPlan.EventsDTO]",282,MESWebDev.Models.ProdPlan.EventsDTO
"[283, MESWebDev.Models.ProdPlan.EventsDTO]",283,MESWebDev.Models.ProdPlan.EventsDTO
"[284, MESWebDev.Models.ProdPlan.EventsDTO]",284,MESWebDev.Models.ProdPlan.EventsDTO
"[285, MESWebDev.Models.ProdPlan.EventsDTO]",285,MESWebDev.Models.ProdPlan.EventsDTO
"[286, MESWebDev.Models.ProdPlan.EventsDTO]",286,MESWebDev.Models.ProdPlan.EventsDTO
"[287, MESWebDev.Models.ProdPlan.EventsDTO]",287,MESWebDev.Models.ProdPlan.EventsDTO
"[288, MESWebDev.Models.ProdPlan.EventsDTO]",288,MESWebDev.Models.ProdPlan.EventsDTO
"[289, MESWebDev.Models.ProdPlan.EventsDTO]",289,MESWebDev.Models.ProdPlan.EventsDTO
"[290, MESWebDev.Models.ProdPlan.EventsDTO]",290,MESWebDev.Models.ProdPlan.EventsDTO
"[291, MESWebDev.Models.ProdPlan.EventsDTO]",291,MESWebDev.Models.ProdPlan.EventsDTO
"[292, MESWebDev.Models.ProdPlan.EventsDTO]",292,MESWebDev.Models.ProdPlan.EventsDTO
"[293, MESWebDev.Models.ProdPlan.EventsDTO]",293,MESWebDev.Models.ProdPlan.EventsDTO
"[294, MESWebDev.Models.ProdPlan.EventsDTO]",294,MESWebDev.Models.ProdPlan.EventsDTO
"[295, MESWebDev.Models.ProdPlan.EventsDTO]",295,MESWebDev.Models.ProdPlan.EventsDTO
"[296, MESWebDev.Models.ProdPlan.EventsDTO]",296,MESWebDev.Models.ProdPlan.EventsDTO
"[297, MESWebDev.Models.ProdPlan.EventsDTO]",297,MESWebDev.Models.ProdPlan.EventsDTO
"[298, MESWebDev.Models.ProdPlan.EventsDTO]",298,MESWebDev.Models.ProdPlan.EventsDTO
"[299, MESWebDev.Models.ProdPlan.EventsDTO]",299,MESWebDev.Models.ProdPlan.EventsDTO
"[300, MESWebDev.Models.ProdPlan.EventsDTO]",300,MESWebDev.Models.ProdPlan.EventsDTO
"[301, MESWebDev.Models.ProdPlan.EventsDTO]",301,MESWebDev.Models.ProdPlan.EventsDTO
"[302, MESWebDev.Models.ProdPlan.EventsDTO]",302,MESWebDev.Models.ProdPlan.EventsDTO
"[303, MESWebDev.Models.ProdPlan.EventsDTO]",303,MESWebDev.Models.ProdPlan.EventsDTO
"[304, MESWebDev.Models.ProdPlan.EventsDTO]",304,MESWebDev.Models.ProdPlan.EventsDTO
"[305, MESWebDev.Models.ProdPlan.EventsDTO]",305,MESWebDev.Models.ProdPlan.EventsDTO
"[306, MESWebDev.Models.ProdPlan.EventsDTO]",306,MESWebDev.Models.ProdPlan.EventsDTO
"[307, MESWebDev.Models.ProdPlan.EventsDTO]",307,MESWebDev.Models.ProdPlan.EventsDTO
"[308, MESWebDev.Models.ProdPlan.EventsDTO]",308,MESWebDev.Models.ProdPlan.EventsDTO
"[309, MESWebDev.Models.ProdPlan.EventsDTO]",309,MESWebDev.Models.ProdPlan.EventsDTO
"[310, MESWebDev.Models.ProdPlan.EventsDTO]",310,MESWebDev.Models.ProdPlan.EventsDTO
"[311, MESWebDev.Models.ProdPlan.EventsDTO]",311,MESWebDev.Models.ProdPlan.EventsDTO
"[312, MESWebDev.Models.ProdPlan.EventsDTO]",312,MESWebDev.Models.ProdPlan.EventsDTO
"[313, MESWebDev.Models.ProdPlan.EventsDTO]",313,MESWebDev.Models.ProdPlan.EventsDTO
"[314, MESWebDev.Models.ProdPlan.EventsDTO]",314,MESWebDev.Models.ProdPlan.EventsDTO
"[315, MESWebDev.Models.ProdPlan.EventsDTO]",315,MESWebDev.Models.ProdPlan.EventsDTO
"[316, MESWebDev.Models.ProdPlan.EventsDTO]",316,MESWebDev.Models.ProdPlan.EventsDTO
"[317, MESWebDev.Models.ProdPlan.EventsDTO]",317,MESWebDev.Models.ProdPlan.EventsDTO
"[318, MESWebDev.Models.ProdPlan.EventsDTO]",318,MESWebDev.Models.ProdPlan.EventsDTO
"[319, MESWebDev.Models.ProdPlan.EventsDTO]",319,MESWebDev.Models.ProdPlan.EventsDTO
"[323, MESWebDev.Models.ProdPlan.EventsDTO]",323,MESWebDev.Models.ProdPlan.EventsDTO
"[324, MESWebDev.Models.ProdPlan.EventsDTO]",324,MESWebDev.Models.ProdPlan.EventsDTO
"[325, MESWebDev.Models.ProdPlan.EventsDTO]",325,MESWebDev.Models.ProdPlan.EventsDTO
"[326, MESWebDev.Models.ProdPlan.EventsDTO]",326,MESWebDev.Models.ProdPlan.EventsDTO
"[327, MESWebDev.Models.ProdPlan.EventsDTO]",327,MESWebDev.Models.ProdPlan.EventsDTO
"[328, MESWebDev.Models.ProdPlan.EventsDTO]",328,MESWebDev.Models.ProdPlan.EventsDTO
"[329, MESWebDev.Models.ProdPlan.EventsDTO]",329,MESWebDev.Models.ProdPlan.EventsDTO
